{"val/aux_0_loss_object":5.188764086136451,"train/iter_time":0.3862326145172119,"val/aux_3_loss_mask":0.508614043203684,"train/aux_0_loss_mask":0.4229396575689316,"val/aux_1_loss_object":5.178071994047898,"val/aux_4_loss_object":5.188482843912565,"train/aux_2_loss_attr":1.1297112607955933,"val/aux_2_loss_dice":1.7556241246370168,"val/loss_mask":0.5098168328404427,"val/loss_attr":1.3114612400531769,"val/aux_4_loss_dice":1.7528225550284753,"_timestamp":1.7769125270904388e+09,"train/lr":6.050597329585384e-06,"val/aux_2_loss_mask":0.490599000110076,"val/aux_3_loss_object":5.17773530116448,"train/aux_4_loss_mask":0.4441289186477661,"train/aux_0_loss_dice":1.449047224521637,"val/aux_2_loss_attr":1.3127370522572444,"val/aux_2_loss_object":5.179734422610356,"train/aux_4_loss_dice":1.270744013786316,"_runtime":397.141575379,"train/aux_2_loss_mask":0.4359408950805664,"train/loss_dice":1.2749154317378997,"train/aux_1_loss_dice":1.3140557765960694,"train/total_loss":38.37243595957756,"meta/step":860,"train/aux_0_loss_object":3.531141562461853,"train/aux_4_loss_object":3.5141914463043213,"train/aux_2_loss_dice":1.278980803489685,"train/aux_3_loss_object":3.511421003341675,"val/aux_3_loss_attr":1.3130006033640642,"_wandb":{"runtime":397},"train/aux_1_loss_mask":0.4324100130796433,"val/aux_0_loss_mask":0.455340346464744,"train/loss_mask":0.44947450459003446,"val/loss_object":5.181383628111619,"train/aux_3_loss_dice":1.2771823263168336,"val/aux_1_loss_dice":1.7689340710639954,"val/aux_4_loss_mask":0.5207637124336683,"val/aux_1_loss_attr":1.310699238226964,"train/aux_1_loss_attr":1.1296238493919373,"train/aux_2_loss_object":3.5144827651977537,"train/aux_4_loss_attr":1.129509184360504,"train/aux_1_loss_object":3.5175520181655884,"train/aux_0_loss_attr":1.13117600440979,"train/aux_3_loss_attr":1.1298393177986146,"_step":860,"val/aux_0_loss_attr":1.3117652466663947,"val/aux_4_loss_attr":1.3124672059829419,"val/aux_1_loss_mask":0.46949903208475846,"val/total_loss":52.55849381536245,"meta/epoch":1,"val/aux_0_loss_dice":1.8748391683285053,"train/loss_attr":1.1291654539108276,"val/aux_3_loss_dice":1.760375426365779,"train/aux_3_loss_mask":0.44330269396305083,"train/loss_object":3.511499834060669,"val/loss_dice":1.724962640267152}