{"train/aux_1_loss_attr":1.31545480966568,"train/total_loss":71.54097477853298,"_timestamp":1.776911642846785e+09,"train/aux_4_loss_attr":1.3193615937232972,"train/aux_3_loss_mask":1.2091114708781243,"train/aux_2_loss_object":5.072749533653259,"train/aux_0_loss_object":10.39252540588379,"train/aux_1_loss_object":6.786982774734497,"train/aux_3_loss_object":4.326734566688538,"_step":500,"train/aux_2_loss_mask":1.164541264474392,"train/loss_dice":3.6980408430099487,"train/aux_2_loss_attr":1.3173822462558746,"train/aux_0_loss_dice":3.5495115160942077,"train/aux_1_loss_dice":3.5201265835762023,"_wandb":{"runtime":116},"meta/step":500,"train/aux_0_loss_mask":1.140293280184269,"train/loss_mask":1.2336641582846641,"_runtime":116.711031439,"meta/epoch":1,"train/aux_2_loss_dice":3.625792245864868,"train/loss_attr":1.3163514018058777,"train/aux_4_loss_dice":3.678639168739319,"train/aux_1_loss_mask":1.1829138600826263,"train/iter_time":0.11107945442199707,"train/aux_3_loss_attr":1.3211705458164216,"train/aux_4_loss_object":4.149596796035767,"train/aux_3_loss_dice":3.5959098601341246,"train/aux_4_loss_mask":1.2224728953838349,"train/loss_object":4.074110913276672,"train/lr":2.2011335178594968e-07,"train/aux_0_loss_attr":1.3275370442867278}