{"_runtime":172.015730869,"train/aux_1_loss_mask":1.0592516097426414,"train/total_loss":53.40384523242712,"val/aux_1_loss_object":6.971203140765879,"train/aux_4_loss_dice":3.116667127609253,"val/total_loss":75.15833534663628,"val/aux_3_loss_dice":3.6553116333088487,"train/aux_2_loss_attr":1.1610210061073303,"val/aux_2_loss_dice":3.6736471765351078,"val/aux_4_loss_object":5.208935039065035,"train/aux_3_loss_dice":3.114455440044403,"val/loss_mask":1.0786404636646325,"val/aux_4_loss_mask":1.0624280455834556,"train/aux_1_loss_attr":1.1592727828025817,"train/aux_4_loss_attr":1.1593141102790832,"train/aux_0_loss_attr":1.168369129896164,"train/aux_1_loss_dice":3.08719190120697,"val/loss_object":5.178075498684655,"val/aux_1_loss_attr":1.3986117088542604,"train/lr":4.3978735556434257e-07,"val/loss_dice":3.7532653138716774,"_step":1000,"train/aux_4_loss_object":3.5219613218307497,"train/aux_2_loss_dice":3.0966736006736757,"_wandb":{"runtime":172},"meta/step":1000,"val/aux_3_loss_attr":1.380893105826709,"train/aux_1_loss_object":3.540997200012207,"val/aux_2_loss_mask":1.0036863846946338,"train/aux_3_loss_object":3.5249113702774046,"train/loss_dice":3.1447904443740846,"val/aux_2_loss_attr":1.3912291960413723,"val/aux_0_loss_object":10.305494891624797,"meta/epoch":1,"train/loss_object":3.5154656267166136,"train/aux_4_loss_mask":1.087609606385231,"val/aux_0_loss_dice":3.602944571734195,"train/aux_3_loss_mask":1.0716642010211945,"val/aux_4_loss_dice":3.733185225599122,"val/aux_1_loss_mask":1.0289452126964342,"train/aux_2_loss_mask":1.06366024017334,"train/aux_0_loss_object":3.757567677497864,"_timestamp":1.7769120820086095e+09,"val/aux_3_loss_object":5.272352686101216,"train/aux_2_loss_object":3.5232647824287415,"train/aux_3_loss_attr":1.1601020669937134,"val/aux_3_loss_mask":1.0533291246415626,"train/loss_attr":1.160625387430191,"val/aux_1_loss_dice":3.568986822687247,"val/aux_4_loss_attr":1.3810454087675157,"val/aux_0_loss_mask":0.9863909015257553,"val/aux_0_loss_attr":1.3946798807184502,"train/loss_mask":1.1041827887296676,"train/aux_0_loss_dice":3.0766399002075193,"val/loss_attr":1.3858040880940832,"train/aux_0_loss_mask":1.028185909986496,"val/aux_2_loss_object":5.68924982554963,"train/iter_time":0.10311293601989746}